channel,domain
Email,mail.live.com
Email,orange.fr/webmail
Email,webmail.optuszoo.com.au
Email,mail.google.com
Email,mail.aol.com
Email,mail2.daum.net
Email,mail.qq.com
Email,mail.126.com
Email,webmail.bigpond.com
Email,webmail2.bigpond.com
Email,mail.naver.com
Email,mail.163.com
Email,mail.yahoo.net
Email,mail.yahoo.com
Email,mail.yahoo.co.uk
Email,mail.yahoo.co.jp
Email,email.seznam.cz
Email,mail.mynet.com
Social,renren.com
Social,tumblr.com
Social,flickr.com
Social,global.cyworld.com
Social,tuenti.com
Social,donanimhaber.com
Social,login.live.com
Social,sonico.com
Social,stumbleupon.com
Social,redirect.disqus.com
Social,disq.us
Social,disqus.com
Social,netlog.com
Social,badoo.com
Social,my.mail.ru
Social,vk.com
Social,vkontakte.ru
Social,friendsreunited.com
Social,geni.com
Social,plaxo.com
Social,itusozluk.com
Social,mixi.jp
Social,odnoklassniki.ru
Social,foursquare.com
Social,multiply.com
Social,login.tagged.com
Social,flixster.com
Social,studivz.net
Social,fotolog.com
Social,myyearbook.com
Social,habbo.com
Social,moikrug.ru
Social,uludagsozluk.com
Social,ulusozluk.com
Social,hocam.com
Social,hyves.nl
Social,taringa.net
Social,classmates.com
Social,paper.li
Social,twitter.com
Social,t.co
Social,weeworld.com
Social,weibo.com
Social,t.cn
Social,stackoverflow.com
Social,identi.ca
Social,sourceforge.net
Social,instela.com
Social,news.ycombinator.com
Social,github.com
Social,inci.sozlukspot.com
Social,incisozluk.com
Social,incisozluk.cc
Social,viadeo.com
Social,myspace.com
Social,nk.pl
Social,qzone.qq.com
Social,livejournal.ru
Social,xanga.com
Social,instagram.com
Social,lastfm.ru
Social,hi5.com
Social,xing.com
Social,url.google.com
Social,plus.google.com
Social,linkedin.com
Social,lnkd.in
Social,blackplanet.com
Social,bebo.com
Social,skyrock.com
Social,Sozluk.com
Social,sourtimes.org
Social,facebook.com
Social,fb.me
Social,m.facebook.com
Social,l.facebook.com
Social,lm.facebook.com
Social,vkrugudruzei.ru
Social,myheritage.com
Organic Video,youtube.com
Social,youtu.be
Social,mylife.ru
Social,douban.com
Social,delicious.com
Social,wayn.com
Social,friendster.com
Organic Video,vimeo.com
Social,gaiaonline.com
Social,orkut.com
Social,reddit.com
Social,quora.com
Organic Search,lo.st
Organic Search,search.lycos.com
Organic Search,lycos.com
Organic Search,req.-hit-parade.com
Organic Search,class.hit-parade.com
Organic Search,hit-parade.com
Organic Search,suchmaschine.com
Organic Search,hotbot.com
Organic Search,search.conduit.com
Organic Search,weborama.com
Organic Search,toolbarhome.com
Organic Search,vshare.toolbarhome.com
Organic Search,ilse.nl
Organic Search,talktalk.co.uk
Organic Search,baidu.com
Organic Search,.baidu.com
Organic Search,zhidao.baidu.com
Organic Search,tieba.baidu.com
Organic Search,news.baidu.com
Organic Search,web.gougou.com
Organic Search,picsearch.com
Organic Search,search.genieo.com
Organic Search,maailm.com
Organic Search,ixquick.com
Organic Search,eu.ixquick.com
Organic Search,ixquick.de
Organic Search,us.ixquick.com
Organic Search,s1.us.ixquick.com
Organic Search,s2.us.ixquick.com
Organic Search,s3.us.ixquick.com
Organic Search,s4.us.ixquick.com
Organic Search,s5.us.ixquick.com
Organic Search,s8-eu.ixquick.com
Organic Search,s1-eu.ixquick.de
Organic Search,serach.centrum.cz
Organic Search,morfeo.centrum.cz
Organic Search,meinestadt.de
Organic Search,teoma.com
Organic Search,jyxo.1188.cz
Organic Search,highbeam.com
Organic Search,alltheweb.com
Organic Search,apollo7.de
Organic Search,blogsearch.google.ac
Organic Search,blogsearch.google.ad
Organic Search,blogsearch.google.ae
Organic Search,blogsearch.google.am
Organic Search,blogsearch.google.as
Organic Search,blogsearch.google.at
Organic Search,blogsearch.google.az
Organic Search,blogsearch.google.ba
Organic Search,blogsearch.google.be
Organic Search,blogsearch.google.bf
Organic Search,blogsearch.google.bg
Organic Search,blogsearch.google.bi
Organic Search,blogsearch.google.bj
Organic Search,blogsearch.google.bs
Organic Search,blogsearch.google.by
Organic Search,blogsearch.google.ca
Organic Search,blogsearch.google.cat
Organic Search,blogsearch.google.cc
Organic Search,blogsearch.google.cd
Organic Search,blogsearch.google.cf
Organic Search,blogsearch.google.cg
Organic Search,blogsearch.google.ch
Organic Search,blogsearch.google.ci
Organic Search,blogsearch.google.cl
Organic Search,blogsearch.google.cm
Organic Search,blogsearch.google.cn
Organic Search,blogsearch.google.co.bw
Organic Search,blogsearch.google.co.ck
Organic Search,blogsearch.google.co.cr
Organic Search,blogsearch.google.co.id
Organic Search,blogsearch.google.co.il
Organic Search,blogsearch.google.co.in
Organic Search,blogsearch.google.co.jp
Organic Search,blogsearch.google.co.ke
Organic Search,blogsearch.google.co.kr
Organic Search,blogsearch.google.co.ls
Organic Search,blogsearch.google.co.ma
Organic Search,blogsearch.google.co.mz
Organic Search,blogsearch.google.co.nz
Organic Search,blogsearch.google.co.th
Organic Search,blogsearch.google.co.tz
Organic Search,blogsearch.google.co.ug
Organic Search,blogsearch.google.co.uk
Organic Search,blogsearch.google.co.uz
Organic Search,blogsearch.google.co.ve
Organic Search,blogsearch.google.co.vi
Organic Search,blogsearch.google.co.za
Organic Search,blogsearch.google.co.zm
Organic Search,blogsearch.google.co.zw
Organic Search,blogsearch.google.com
Organic Search,blogsearch.google.com.af
Organic Search,blogsearch.google.com.ag
Organic Search,blogsearch.google.com.ai
Organic Search,blogsearch.google.com.ar
Organic Search,blogsearch.google.com.au
Organic Search,blogsearch.google.com.bd
Organic Search,blogsearch.google.com.bh
Organic Search,blogsearch.google.com.bn
Organic Search,blogsearch.google.com.bo
Organic Search,blogsearch.google.com.br
Organic Search,blogsearch.google.com.by
Organic Search,blogsearch.google.com.bz
Organic Search,blogsearch.google.com.co
Organic Search,blogsearch.google.com.cu
Organic Search,blogsearch.google.com.cy
Organic Search,blogsearch.google.com.do
Organic Search,blogsearch.google.com.ec
Organic Search,blogsearch.google.com.eg
Organic Search,blogsearch.google.com.et
Organic Search,blogsearch.google.com.fj
Organic Search,blogsearch.google.com.gh
Organic Search,blogsearch.google.com.gi
Organic Search,blogsearch.google.com.gt
Organic Search,blogsearch.google.com.hk
Organic Search,blogsearch.google.com.jm
Organic Search,blogsearch.google.com.kh
Organic Search,blogsearch.google.com.kw
Organic Search,blogsearch.google.com.lb
Organic Search,blogsearch.google.com.lc
Organic Search,blogsearch.google.com.ly
Organic Search,blogsearch.google.com.mt
Organic Search,blogsearch.google.com.mx
Organic Search,blogsearch.google.com.my
Organic Search,blogsearch.google.com.na
Organic Search,blogsearch.google.com.nf
Organic Search,blogsearch.google.com.ng
Organic Search,blogsearch.google.com.ni
Organic Search,blogsearch.google.com.np
Organic Search,blogsearch.google.com.om
Organic Search,blogsearch.google.com.pa
Organic Search,blogsearch.google.com.pe
Organic Search,blogsearch.google.com.ph
Organic Search,blogsearch.google.com.pk
Organic Search,blogsearch.google.com.pr
Organic Search,blogsearch.google.com.py
Organic Search,blogsearch.google.com.qa
Organic Search,blogsearch.google.com.sa
Organic Search,blogsearch.google.com.sb
Organic Search,blogsearch.google.com.sg
Organic Search,blogsearch.google.com.sl
Organic Search,blogsearch.google.com.sv
Organic Search,blogsearch.google.com.tj
Organic Search,blogsearch.google.com.tn
Organic Search,blogsearch.google.com.tr
Organic Search,blogsearch.google.com.tw
Organic Search,blogsearch.google.com.ua
Organic Search,blogsearch.google.com.uy
Organic Search,blogsearch.google.com.vc
Organic Search,blogsearch.google.com.vn
Organic Search,blogsearch.google.cv
Organic Search,blogsearch.google.cz
Organic Search,blogsearch.google.de
Organic Search,blogsearch.google.dj
Organic Search,blogsearch.google.dk
Organic Search,blogsearch.google.dm
Organic Search,blogsearch.google.dz
Organic Search,blogsearch.google.ee
Organic Search,blogsearch.google.es
Organic Search,blogsearch.google.fi
Organic Search,blogsearch.google.fm
Organic Search,blogsearch.google.fr
Organic Search,blogsearch.google.ga
Organic Search,blogsearch.google.gd
Organic Search,blogsearch.google.ge
Organic Search,blogsearch.google.gf
Organic Search,blogsearch.google.gg
Organic Search,blogsearch.google.gl
Organic Search,blogsearch.google.gm
Organic Search,blogsearch.google.gp
Organic Search,blogsearch.google.gr
Organic Search,blogsearch.google.gy
Organic Search,blogsearch.google.hn
Organic Search,blogsearch.google.hr
Organic Search,blogsearch.google.ht
Organic Search,blogsearch.google.hu
Organic Search,blogsearch.google.ie
Organic Search,blogsearch.google.im
Organic Search,blogsearch.google.io
Organic Search,blogsearch.google.iq
Organic Search,blogsearch.google.is
Organic Search,blogsearch.google.it
Organic Search,blogsearch.google.it.ao
Organic Search,blogsearch.google.je
Organic Search,blogsearch.google.jo
Organic Search,blogsearch.google.kg
Organic Search,blogsearch.google.ki
Organic Search,blogsearch.google.kz
Organic Search,blogsearch.google.la
Organic Search,blogsearch.google.li
Organic Search,blogsearch.google.lk
Organic Search,blogsearch.google.lt
Organic Search,blogsearch.google.lu
Organic Search,blogsearch.google.lv
Organic Search,blogsearch.google.md
Organic Search,blogsearch.google.me
Organic Search,blogsearch.google.mg
Organic Search,blogsearch.google.mk
Organic Search,blogsearch.google.ml
Organic Search,blogsearch.google.mn
Organic Search,blogsearch.google.ms
Organic Search,blogsearch.google.mu
Organic Search,blogsearch.google.mv
Organic Search,blogsearch.google.mw
Organic Search,blogsearch.google.ne
Organic Search,blogsearch.google.nl
Organic Search,blogsearch.google.no
Organic Search,blogsearch.google.nr
Organic Search,blogsearch.google.nu
Organic Search,blogsearch.google.pl
Organic Search,blogsearch.google.pn
Organic Search,blogsearch.google.ps
Organic Search,blogsearch.google.pt
Organic Search,blogsearch.google.ro
Organic Search,blogsearch.google.rs
Organic Search,blogsearch.google.ru
Organic Search,blogsearch.google.rw
Organic Search,blogsearch.google.sc
Organic Search,blogsearch.google.se
Organic Search,blogsearch.google.sh
Organic Search,blogsearch.google.si
Organic Search,blogsearch.google.sk
Organic Search,blogsearch.google.sm
Organic Search,blogsearch.google.sn
Organic Search,blogsearch.google.so
Organic Search,blogsearch.google.st
Organic Search,blogsearch.google.td
Organic Search,blogsearch.google.tg
Organic Search,blogsearch.google.tk
Organic Search,blogsearch.google.tl
Organic Search,blogsearch.google.tm
Organic Search,blogsearch.google.to
Organic Search,blogsearch.google.tt
Organic Search,blogsearch.google.us
Organic Search,blogsearch.google.vg
Organic Search,blogsearch.google.vu
Organic Search,blogsearch.google.ws
Organic Search,nigma.ru
Organic Search,sm.aport.ru
Organic Search,web.nl
Organic Search,search.peoplepc.com
Organic Search,blogdigger.com
Organic Search,friendfeed.com
Organic Search,search.softonic.com
Organic Search,search.seznam.cz
Organic Search,x-recherche.com
Organic Search,crawler.com
Organic Search,search.www.ee
Organic Search,digg.com
Organic Search,apollo.lv/portal/search/
Organic Search,.zoek.nl
Organic Search,search.goo.ne.jp
Organic Search,ocnsearch.goo.ne.jp
Organic Search,bing.com
Organic Search,msnbc.msn.com
Organic Search,dizionario.it.msn.com
Organic Search,cc.bingj.com
Organic Search,m.bing.com
Organic Search,skynet.be
Organic Search,gigablast.com
Organic Search,dir.gigablast.com
Organic Search,search.nate.com
Organic Search,url.org
Organic Search,s1.metacrawler.de
Organic Search,s2.metacrawler.de
Organic Search,s3.metacrawler.de
Organic Search,ariadna.elmundo.es
Organic Search,zapmeta.com
Organic Search,zapmeta.nl
Organic Search,zapmeta.de
Organic Search,uk.zapmeta.com
Organic Search,forestle.org
Organic Search,forestle.mobi
Organic Search,maxwebsearch.com
Organic Search,mozbot.fr
Organic Search,mozbot.co.uk
Organic Search,mozbot.com
Organic Search,startgoogle.startpagina.nl
Organic Search,web.canoe.ca
Organic Search,ko.search.need2find.com
Organic Search,apontador.com.br
Organic Search,go.mail.ru
Organic Search,latne.lv
Organic Search,qualigo.at
Organic Search,qualigo.ch
Organic Search,qualigo.de
Organic Search,qualigo.nl
Organic Search,websearch.com
Organic Search,search.snapdo.com
Organic Search,vindex.nl
Organic Search,search.vindex.nl
Organic Search,twingly.com
Organic Search,rechercher.aliceadsl.fr
Organic Search,search.tb.ask.com
Organic Search,start.iplay.com
Organic Search,charter.net
Organic Search,daemon-search.com
Organic Search,my.daemon-search.com
Organic Search,search.babylon.com
Organic Search,searchassist.babylon.com
Organic Search,all.by
Organic Search,video.google.com
Organic Search,buscador.terra.es
Organic Search,buscador.terra.cl
Organic Search,buscador.terra.com.br
Organic Search,amazon.com
Organic Search,looksmart.com
Organic Search,eniro.se
Organic Search,walhello.info
Organic Search,walhello.com
Organic Search,walhello.de
Organic Search,walhello.nl
Organic Search,junglekey.com
Organic Search,junglekey.fr
Organic Search,mamma.com
Organic Search,mamma75.mamma.com
Organic Search,search.nifty.com
Organic Search,searches.globososo.com
Organic Search,search.globososo.com
Organic Search,google.ac/imgres
Organic Search,google.ad/imgres
Organic Search,google.ae/imgres
Organic Search,google.am/imgres
Organic Search,google.as/imgres
Organic Search,google.at/imgres
Organic Search,google.az/imgres
Organic Search,google.ba/imgres
Organic Search,google.be/imgres
Organic Search,google.bf/imgres
Organic Search,google.bg/imgres
Organic Search,google.bi/imgres
Organic Search,google.bj/imgres
Organic Search,google.bs/imgres
Organic Search,google.by/imgres
Organic Search,google.ca/imgres
Organic Search,google.cat/imgres
Organic Search,google.cc/imgres
Organic Search,google.cd/imgres
Organic Search,google.cf/imgres
Organic Search,google.cg/imgres
Organic Search,google.ch/imgres
Organic Search,google.ci/imgres
Organic Search,google.cl/imgres
Organic Search,google.cm/imgres
Organic Search,google.cn/imgres
Organic Search,google.co.bw/imgres
Organic Search,google.co.ck/imgres
Organic Search,google.co.cr/imgres
Organic Search,google.co.id/imgres
Organic Search,google.co.il/imgres
Organic Search,google.co.in/imgres
Organic Search,google.co.jp/imgres
Organic Search,google.co.ke/imgres
Organic Search,google.co.kr/imgres
Organic Search,google.co.ls/imgres
Organic Search,google.co.ma/imgres
Organic Search,google.co.mz/imgres
Organic Search,google.co.nz/imgres
Organic Search,google.co.th/imgres
Organic Search,google.co.tz/imgres
Organic Search,google.co.ug/imgres
Organic Search,google.co.uk/imgres
Organic Search,google.co.uz/imgres
Organic Search,google.co.ve/imgres
Organic Search,google.co.vi/imgres
Organic Search,google.co.za/imgres
Organic Search,google.co.zm/imgres
Organic Search,google.co.zw/imgres
Organic Search,google.com/imgres
Organic Search,google.com.af/imgres
Organic Search,google.com.ag/imgres
Organic Search,google.com.ai/imgres
Organic Search,google.com.ar/imgres
Organic Search,google.com.au/imgres
Organic Search,google.com.bd/imgres
Organic Search,google.com.bh/imgres
Organic Search,google.com.bn/imgres
Organic Search,google.com.bo/imgres
Organic Search,google.com.br/imgres
Organic Search,google.com.by/imgres
Organic Search,google.com.bz/imgres
Organic Search,google.com.co/imgres
Organic Search,google.com.cu/imgres
Organic Search,google.com.cy/imgres
Organic Search,google.com.do/imgres
Organic Search,google.com.ec/imgres
Organic Search,google.com.eg/imgres
Organic Search,google.com.et/imgres
Organic Search,google.com.fj/imgres
Organic Search,google.com.gh/imgres
Organic Search,google.com.gi/imgres
Organic Search,google.com.gt/imgres
Organic Search,google.com.hk/imgres
Organic Search,google.com.jm/imgres
Organic Search,google.com.kh/imgres
Organic Search,google.com.kw/imgres
Organic Search,google.com.lb/imgres
Organic Search,google.com.lc/imgres
Organic Search,google.com.ly/imgres
Organic Search,google.com.mt/imgres
Organic Search,google.com.mx/imgres
Organic Search,google.com.my/imgres
Organic Search,google.com.na/imgres
Organic Search,google.com.nf/imgres
Organic Search,google.com.ng/imgres
Organic Search,google.com.ni/imgres
Organic Search,google.com.np/imgres
Organic Search,google.com.om/imgres
Organic Search,google.com.pa/imgres
Organic Search,google.com.pe/imgres
Organic Search,google.com.ph/imgres
Organic Search,google.com.pk/imgres
Organic Search,google.com.pr/imgres
Organic Search,google.com.py/imgres
Organic Search,google.com.qa/imgres
Organic Search,google.com.sa/imgres
Organic Search,google.com.sb/imgres
Organic Search,google.com.sg/imgres
Organic Search,google.com.sl/imgres
Organic Search,google.com.sv/imgres
Organic Search,google.com.tj/imgres
Organic Search,google.com.tn/imgres
Organic Search,google.com.tr/imgres
Organic Search,google.com.tw/imgres
Organic Search,google.com.ua/imgres
Organic Search,google.com.uy/imgres
Organic Search,google.com.vc/imgres
Organic Search,google.com.vn/imgres
Organic Search,google.cv/imgres
Organic Search,google.cz/imgres
Organic Search,google.de/imgres
Organic Search,google.dj/imgres
Organic Search,google.dk/imgres
Organic Search,google.dm/imgres
Organic Search,google.dz/imgres
Organic Search,google.ee/imgres
Organic Search,google.es/imgres
Organic Search,google.fi/imgres
Organic Search,google.fm/imgres
Organic Search,google.fr/imgres
Organic Search,google.ga/imgres
Organic Search,google.gd/imgres
Organic Search,google.ge/imgres
Organic Search,google.gf/imgres
Organic Search,google.gg/imgres
Organic Search,google.gl/imgres
Organic Search,google.gm/imgres
Organic Search,google.gp/imgres
Organic Search,google.gr/imgres
Organic Search,google.gy/imgres
Organic Search,google.hn/imgres
Organic Search,google.hr/imgres
Organic Search,google.ht/imgres
Organic Search,google.hu/imgres
Organic Search,google.ie/imgres
Organic Search,google.im/imgres
Organic Search,google.io/imgres
Organic Search,google.iq/imgres
Organic Search,google.is/imgres
Organic Search,google.it/imgres
Organic Search,google.it.ao/imgres
Organic Search,google.je/imgres
Organic Search,google.jo/imgres
Organic Search,google.kg/imgres
Organic Search,google.ki/imgres
Organic Search,google.kz/imgres
Organic Search,google.la/imgres
Organic Search,google.li/imgres
Organic Search,google.lk/imgres
Organic Search,google.lt/imgres
Organic Search,google.lu/imgres
Organic Search,google.lv/imgres
Organic Search,google.md/imgres
Organic Search,google.me/imgres
Organic Search,google.mg/imgres
Organic Search,google.mk/imgres
Organic Search,google.ml/imgres
Organic Search,google.mn/imgres
Organic Search,google.ms/imgres
Organic Search,google.mu/imgres
Organic Search,google.mv/imgres
Organic Search,google.mw/imgres
Organic Search,google.ne/imgres
Organic Search,google.nl/imgres
Organic Search,google.no/imgres
Organic Search,google.nr/imgres
Organic Search,google.nu/imgres
Organic Search,google.pl/imgres
Organic Search,google.pn/imgres
Organic Search,google.ps/imgres
Organic Search,google.pt/imgres
Organic Search,google.ro/imgres
Organic Search,google.rs/imgres
Organic Search,google.ru/imgres
Organic Search,google.rw/imgres
Organic Search,google.sc/imgres
Organic Search,google.se/imgres
Organic Search,google.sh/imgres
Organic Search,google.si/imgres
Organic Search,google.sk/imgres
Organic Search,google.sm/imgres
Organic Search,google.sn/imgres
Organic Search,google.so/imgres
Organic Search,google.st/imgres
Organic Search,google.td/imgres
Organic Search,google.tg/imgres
Organic Search,google.tk/imgres
Organic Search,google.tl/imgres
Organic Search,google.tm/imgres
Organic Search,google.to/imgres
Organic Search,google.tt/imgres
Organic Search,google.us/imgres
Organic Search,google.vg/imgres
Organic Search,google.vu/imgres
Organic Search,images.google.ac
Organic Search,images.google.ad
Organic Search,images.google.ae
Organic Search,images.google.am
Organic Search,images.google.as
Organic Search,images.google.at
Organic Search,images.google.az
Organic Search,images.google.ba
Organic Search,images.google.be
Organic Search,images.google.bf
Organic Search,images.google.bg
Organic Search,images.google.bi
Organic Search,images.google.bj
Organic Search,images.google.bs
Organic Search,images.google.by
Organic Search,images.google.ca
Organic Search,images.google.cat
Organic Search,images.google.cc
Organic Search,images.google.cd
Organic Search,images.google.cf
Organic Search,images.google.cg
Organic Search,images.google.ch
Organic Search,images.google.ci
Organic Search,images.google.cl
Organic Search,images.google.cm
Organic Search,images.google.cn
Organic Search,images.google.co.bw
Organic Search,images.google.co.ck
Organic Search,images.google.co.cr
Organic Search,images.google.co.id
Organic Search,images.google.co.il
Organic Search,images.google.co.in
Organic Search,images.google.co.jp
Organic Search,images.google.co.ke
Organic Search,images.google.co.kr
Organic Search,images.google.co.ls
Organic Search,images.google.co.ma
Organic Search,images.google.co.mz
Organic Search,images.google.co.nz
Organic Search,images.google.co.th
Organic Search,images.google.co.tz
Organic Search,images.google.co.ug
Organic Search,images.google.co.uk
Organic Search,images.google.co.uz
Organic Search,images.google.co.ve
Organic Search,images.google.co.vi
Organic Search,images.google.co.za
Organic Search,images.google.co.zm
Organic Search,images.google.co.zw
Organic Search,images.google.com
Organic Search,images.google.com.af
Organic Search,images.google.com.ag
Organic Search,images.google.com.ai
Organic Search,images.google.com.ar
Organic Search,images.google.com.au
Organic Search,images.google.com.bd
Organic Search,images.google.com.bh
Organic Search,images.google.com.bn
Organic Search,images.google.com.bo
Organic Search,images.google.com.br
Organic Search,images.google.com.by
Organic Search,images.google.com.bz
Organic Search,images.google.com.co
Organic Search,images.google.com.cu
Organic Search,images.google.com.cy
Organic Search,images.google.com.do
Organic Search,images.google.com.ec
Organic Search,images.google.com.eg
Organic Search,images.google.com.et
Organic Search,images.google.com.fj
Organic Search,images.google.com.gh
Organic Search,images.google.com.gi
Organic Search,images.google.com.gt
Organic Search,images.google.com.hk
Organic Search,images.google.com.jm
Organic Search,images.google.com.kh
Organic Search,images.google.com.kw
Organic Search,images.google.com.lb
Organic Search,images.google.com.lc
Organic Search,images.google.com.ly
Organic Search,images.google.com.mt
Organic Search,images.google.com.mx
Organic Search,images.google.com.my
Organic Search,images.google.com.na
Organic Search,images.google.com.nf
Organic Search,images.google.com.ng
Organic Search,images.google.com.ni
Organic Search,images.google.com.np
Organic Search,images.google.com.om
Organic Search,images.google.com.pa
Organic Search,images.google.com.pe
Organic Search,images.google.com.ph
Organic Search,images.google.com.pk
Organic Search,images.google.com.pr
Organic Search,images.google.com.py
Organic Search,images.google.com.qa
Organic Search,images.google.com.sa
Organic Search,images.google.com.sb
Organic Search,images.google.com.sg
Organic Search,images.google.com.sl
Organic Search,images.google.com.sv
Organic Search,images.google.com.tj
Organic Search,images.google.com.tn
Organic Search,images.google.com.tr
Organic Search,images.google.com.tw
Organic Search,images.google.com.ua
Organic Search,images.google.com.uy
Organic Search,images.google.com.vc
Organic Search,images.google.com.vn
Organic Search,images.google.cv
Organic Search,images.google.cz
Organic Search,images.google.de
Organic Search,images.google.dj
Organic Search,images.google.dk
Organic Search,images.google.dm
Organic Search,images.google.dz
Organic Search,images.google.ee
Organic Search,images.google.es
Organic Search,images.google.fi
Organic Search,images.google.fm
Organic Search,images.google.fr
Organic Search,images.google.ga
Organic Search,images.google.gd
Organic Search,images.google.ge
Organic Search,images.google.gf
Organic Search,images.google.gg
Organic Search,images.google.gl
Organic Search,images.google.gm
Organic Search,images.google.gp
Organic Search,images.google.gr
Organic Search,images.google.gy
Organic Search,images.google.hn
Organic Search,images.google.hr
Organic Search,images.google.ht
Organic Search,images.google.hu
Organic Search,images.google.ie
Organic Search,images.google.im
Organic Search,images.google.io
Organic Search,images.google.iq
Organic Search,images.google.is
Organic Search,images.google.it
Organic Search,images.google.it.ao
Organic Search,images.google.je
Organic Search,images.google.jo
Organic Search,images.google.kg
Organic Search,images.google.ki
Organic Search,images.google.kz
Organic Search,images.google.la
Organic Search,images.google.li
Organic Search,images.google.lk
Organic Search,images.google.lt
Organic Search,images.google.lu
Organic Search,images.google.lv
Organic Search,images.google.md
Organic Search,images.google.me
Organic Search,images.google.mg
Organic Search,images.google.mk
Organic Search,images.google.ml
Organic Search,images.google.mn
Organic Search,images.google.ms
Organic Search,images.google.mu
Organic Search,images.google.mv
Organic Search,images.google.mw
Organic Search,images.google.ne
Organic Search,images.google.nl
Organic Search,images.google.no
Organic Search,images.google.nr
Organic Search,images.google.nu
Organic Search,images.google.pl
Organic Search,images.google.pn
Organic Search,images.google.ps
Organic Search,images.google.pt
Organic Search,images.google.ro
Organic Search,images.google.rs
Organic Search,images.google.ru
Organic Search,images.google.rw
Organic Search,images.google.sc
Organic Search,images.google.se
Organic Search,images.google.sh
Organic Search,images.google.si
Organic Search,images.google.sk
Organic Search,images.google.sm
Organic Search,images.google.sn
Organic Search,images.google.so
Organic Search,images.google.st
Organic Search,images.google.td
Organic Search,images.google.tg
Organic Search,images.google.tk
Organic Search,images.google.tl
Organic Search,images.google.tm
Organic Search,images.google.to
Organic Search,images.google.tt
Organic Search,images.google.us
Organic Search,images.google.vg
Organic Search,images.google.vu
Organic Search,images.google.ws
Organic Search,ask.com
Organic Search,web.ask.com
Organic Search,int.ask.com
Organic Search,mws.ask.com
Organic Search,uk.ask.com
Organic Search,images.ask.com
Organic Search,ask.reference.com
Organic Search,askkids.com
Organic Search,iwon.ask.com
Organic Search,ask.co.uk
Organic Search,qbyrd.com
Organic Search,search-results.com
Organic Search,uk.search-results.com
Organic Search,int.search-results.com
Organic Search,image.search.naver.com
Organic Search,imagesearch.naver.com
Organic Search,soso.com
Organic Search,rpmfind.net
Organic Search,fr2.rpmfind.net
Organic Search,startsiden.no
Organic Search,search.freecause.com
Organic Search,neti.ee
Organic Search,arcor.de
Organic Search,news.google.ac
Organic Search,news.google.ad
Organic Search,news.google.ae
Organic Search,news.google.am
Organic Search,news.google.as
Organic Search,news.google.at
Organic Search,news.google.az
Organic Search,news.google.ba
Organic Search,news.google.be
Organic Search,news.google.bf
Organic Search,news.google.bg
Organic Search,news.google.bi
Organic Search,news.google.bj
Organic Search,news.google.bs
Organic Search,news.google.by
Organic Search,news.google.ca
Organic Search,news.google.cat
Organic Search,news.google.cc
Organic Search,news.google.cd
Organic Search,news.google.cf
Organic Search,news.google.cg
Organic Search,news.google.ch
Organic Search,news.google.ci
Organic Search,news.google.cl
Organic Search,news.google.cm
Organic Search,news.google.cn
Organic Search,news.google.co.bw
Organic Search,news.google.co.ck
Organic Search,news.google.co.cr
Organic Search,news.google.co.id
Organic Search,news.google.co.il
Organic Search,news.google.co.in
Organic Search,news.google.co.jp
Organic Search,news.google.co.ke
Organic Search,news.google.co.kr
Organic Search,news.google.co.ls
Organic Search,news.google.co.ma
Organic Search,news.google.co.mz
Organic Search,news.google.co.nz
Organic Search,news.google.co.th
Organic Search,news.google.co.tz
Organic Search,news.google.co.ug
Organic Search,news.google.co.uk
Organic Search,news.google.co.uz
Organic Search,news.google.co.ve
Organic Search,news.google.co.vi
Organic Search,news.google.co.za
Organic Search,news.google.co.zm
Organic Search,news.google.co.zw
Organic Search,news.google.com
Organic Search,news.google.com.af
Organic Search,news.google.com.ag
Organic Search,news.google.com.ai
Organic Search,news.google.com.ar
Organic Search,news.google.com.au
Organic Search,news.google.com.bd
Organic Search,news.google.com.bh
Organic Search,news.google.com.bn
Organic Search,news.google.com.bo
Organic Search,news.google.com.br
Organic Search,news.google.com.by
Organic Search,news.google.com.bz
Organic Search,news.google.com.co
Organic Search,news.google.com.cu
Organic Search,news.google.com.cy
Organic Search,news.google.com.do
Organic Search,news.google.com.ec
Organic Search,news.google.com.eg
Organic Search,news.google.com.et
Organic Search,news.google.com.fj
Organic Search,news.google.com.gh
Organic Search,news.google.com.gi
Organic Search,news.google.com.gt
Organic Search,news.google.com.hk
Organic Search,news.google.com.jm
Organic Search,news.google.com.kh
Organic Search,news.google.com.kw
Organic Search,news.google.com.lb
Organic Search,news.google.com.lc
Organic Search,news.google.com.ly
Organic Search,news.google.com.mt
Organic Search,news.google.com.mx
Organic Search,news.google.com.my
Organic Search,news.google.com.na
Organic Search,news.google.com.nf
Organic Search,news.google.com.ng
Organic Search,news.google.com.ni
Organic Search,news.google.com.np
Organic Search,news.google.com.om
Organic Search,news.google.com.pa
Organic Search,news.google.com.pe
Organic Search,news.google.com.ph
Organic Search,news.google.com.pk
Organic Search,news.google.com.pr
Organic Search,news.google.com.py
Organic Search,news.google.com.qa
Organic Search,news.google.com.sa
Organic Search,news.google.com.sb
Organic Search,news.google.com.sg
Organic Search,news.google.com.sl
Organic Search,news.google.com.sv
Organic Search,news.google.com.tj
Organic Search,news.google.com.tn
Organic Search,news.google.com.tr
Organic Search,news.google.com.tw
Organic Search,news.google.com.ua
Organic Search,news.google.com.uy
Organic Search,news.google.com.vc
Organic Search,news.google.com.vn
Organic Search,news.google.cv
Organic Search,news.google.cz
Organic Search,news.google.de
Organic Search,news.google.dj
Organic Search,news.google.dk
Organic Search,news.google.dm
Organic Search,news.google.dz
Organic Search,news.google.ee
Organic Search,news.google.es
Organic Search,news.google.fi
Organic Search,news.google.fm
Organic Search,news.google.fr
Organic Search,news.google.ga
Organic Search,news.google.gd
Organic Search,news.google.ge
Organic Search,news.google.gf
Organic Search,news.google.gg
Organic Search,news.google.gl
Organic Search,news.google.gm
Organic Search,news.google.gp
Organic Search,news.google.gr
Organic Search,news.google.gy
Organic Search,news.google.hn
Organic Search,news.google.hr
Organic Search,news.google.ht
Organic Search,news.google.hu
Organic Search,news.google.ie
Organic Search,news.google.im
Organic Search,news.google.io
Organic Search,news.google.iq
Organic Search,news.google.is
Organic Search,news.google.it
Organic Search,news.google.it.ao
Organic Search,news.google.je
Organic Search,news.google.jo
Organic Search,news.google.kg
Organic Search,news.google.ki
Organic Search,news.google.kz
Organic Search,news.google.la
Organic Search,news.google.li
Organic Search,news.google.lk
Organic Search,news.google.lt
Organic Search,news.google.lu
Organic Search,news.google.lv
Organic Search,news.google.md
Organic Search,news.google.me
Organic Search,news.google.mg
Organic Search,news.google.mk
Organic Search,news.google.ml
Organic Search,news.google.mn
Organic Search,news.google.ms
Organic Search,news.google.mu
Organic Search,news.google.mv
Organic Search,news.google.mw
Organic Search,news.google.ne
Organic Search,news.google.nl
Organic Search,news.google.no
Organic Search,news.google.nr
Organic Search,news.google.nu
Organic Search,news.google.pl
Organic Search,news.google.pn
Organic Search,news.google.ps
Organic Search,news.google.pt
Organic Search,news.google.ro
Organic Search,news.google.rs
Organic Search,news.google.ru
Organic Search,news.google.rw
Organic Search,news.google.sc
Organic Search,news.google.se
Organic Search,news.google.sh
Organic Search,news.google.si
Organic Search,news.google.sk
Organic Search,news.google.sm
Organic Search,news.google.sn
Organic Search,news.google.so
Organic Search,news.google.st
Organic Search,news.google.td
Organic Search,news.google.tg
Organic Search,news.google.tk
Organic Search,news.google.tl
Organic Search,news.google.tm
Organic Search,news.google.to
Organic Search,news.google.tt
Organic Search,news.google.us
Organic Search,news.google.vg
Organic Search,news.google.vu
Organic Search,news.google.ws
Organic Search,euroseek.com
Organic Search,dalesearch.com
Organic Search,trovarapido.com
Organic Search,images.yandex.ru
Organic Search,images.yandex.ua
Organic Search,images.yandex.com
Organic Search,google.com
Organic Search,google.ac
Organic Search,google.ad
Organic Search,google.com.af
Organic Search,google.com.ag
Organic Search,google.com.ai
Organic Search,google.am
Organic Search,google.it.ao
Organic Search,google.com.ar
Organic Search,google.as
Organic Search,google.at
Organic Search,google.com.au
Organic Search,google.az
Organic Search,google.ba
Organic Search,google.com.bd
Organic Search,google.be
Organic Search,google.bf
Organic Search,google.bg
Organic Search,google.com.bh
Organic Search,google.bi
Organic Search,google.bj
Organic Search,google.com.bn
Organic Search,google.com.bo
Organic Search,google.com.br
Organic Search,google.bs
Organic Search,google.co.bw
Organic Search,google.com.by
Organic Search,google.by
Organic Search,google.com.bz
Organic Search,google.ca
Organic Search,google.com.kh
Organic Search,google.cc
Organic Search,google.cd
Organic Search,google.cf
Organic Search,google.cat
Organic Search,google.cg
Organic Search,google.ch
Organic Search,google.ci
Organic Search,google.co.ck
Organic Search,google.cl
Organic Search,google.cm
Organic Search,google.cn
Organic Search,google.com.co
Organic Search,google.co.cr
Organic Search,google.com.cu
Organic Search,google.cv
Organic Search,google.com.cy
Organic Search,google.cz
Organic Search,google.de
Organic Search,google.dj
Organic Search,google.dk
Organic Search,google.dm
Organic Search,google.com.do
Organic Search,google.dz
Organic Search,google.com.ec
Organic Search,google.ee
Organic Search,google.com.eg
Organic Search,google.es
Organic Search,google.com.et
Organic Search,google.fi
Organic Search,google.com.fj
Organic Search,google.fm
Organic Search,google.fr
Organic Search,google.ga
Organic Search,google.gd
Organic Search,google.ge
Organic Search,google.gf
Organic Search,google.gg
Organic Search,google.com.gh
Organic Search,google.com.gi
Organic Search,google.gl
Organic Search,google.gm
Organic Search,google.gp
Organic Search,google.gr
Organic Search,google.com.gt
Organic Search,google.gy
Organic Search,google.com.hk
Organic Search,google.hn
Organic Search,google.hr
Organic Search,google.ht
Organic Search,google.hu
Organic Search,google.co.id
Organic Search,google.iq
Organic Search,google.ie
Organic Search,google.co.il
Organic Search,google.im
Organic Search,google.co.in
Organic Search,google.io
Organic Search,google.is
Organic Search,google.it
Organic Search,google.je
Organic Search,google.com.jm
Organic Search,google.jo
Organic Search,google.co.jp
Organic Search,google.co.ke
Organic Search,google.ki
Organic Search,google.kg
Organic Search,google.co.kr
Organic Search,google.com.kw
Organic Search,google.kz
Organic Search,google.la
Organic Search,google.com.lb
Organic Search,google.com.lc
Organic Search,google.li
Organic Search,google.lk
Organic Search,google.co.ls
Organic Search,google.lt
Organic Search,google.lu
Organic Search,google.lv
Organic Search,google.com.ly
Organic Search,google.co.ma
Organic Search,google.md
Organic Search,google.me
Organic Search,google.mg
Organic Search,google.mk
Organic Search,google.ml
Organic Search,google.mn
Organic Search,google.ms
Organic Search,google.com.mt
Organic Search,google.mu
Organic Search,google.mv
Organic Search,google.mw
Organic Search,google.com.mx
Organic Search,google.com.my
Organic Search,google.co.mz
Organic Search,google.com.na
Organic Search,google.ne
Organic Search,google.com.nf
Organic Search,google.com.ng
Organic Search,google.com.ni
Organic Search,google.nl
Organic Search,google.no
Organic Search,google.com.np
Organic Search,google.nr
Organic Search,google.nu
Organic Search,google.co.nz
Organic Search,google.com.om
Organic Search,google.com.pa
Organic Search,google.com.pe
Organic Search,google.com.ph
Organic Search,google.com.pk
Organic Search,google.pl
Organic Search,google.pn
Organic Search,google.com.pr
Organic Search,google.ps
Organic Search,google.pt
Organic Search,google.com.py
Organic Search,google.com.qa
Organic Search,google.ro
Organic Search,google.rs
Organic Search,google.ru
Organic Search,google.rw
Organic Search,google.com.sa
Organic Search,google.com.sb
Organic Search,google.sc
Organic Search,google.se
Organic Search,google.com.sg
Organic Search,google.sh
Organic Search,google.si
Organic Search,google.sk
Organic Search,google.com.sl
Organic Search,google.sn
Organic Search,google.sm
Organic Search,google.so
Organic Search,google.st
Organic Search,google.com.sv
Organic Search,google.td
Organic Search,google.tg
Organic Search,google.co.th
Organic Search,google.com.tj
Organic Search,google.tk
Organic Search,google.tl
Organic Search,google.tm
Organic Search,google.to
Organic Search,google.com.tn
Organic Search,google.com.tr
Organic Search,google.tt
Organic Search,google.com.tw
Organic Search,google.co.tz
Organic Search,google.com.ua
Organic Search,google.co.ug
Organic Search,google.ae
Organic Search,google.co.uk
Organic Search,google.us
Organic Search,google.com.uy
Organic Search,google.co.uz
Organic Search,google.com.vc
Organic Search,google.co.ve
Organic Search,google.vg
Organic Search,google.co.vi
Organic Search,google.com.vn
Organic Search,google.vu
Organic Search,google.ws
Organic Search,google.co.za
Organic Search,google.co.zm
Organic Search,google.co.zw
Organic Search,search.avg.com
Organic Search,isearch.avg.com
Organic Search,cnn.com
Organic Search,darkoogle.com
Organic Search,search.darkoogle.com
Organic Search,search.foxtab.com
Organic Search,gooofullsearch.com
Organic Search,search.hiyo.com
Organic Search,search.incredimail.com
Organic Search,search1.incredimail.com
Organic Search,search2.incredimail.com
Organic Search,search3.incredimail.com
Organic Search,search4.incredimail.com
Organic Search,search.incredibar.com
Organic Search,search.sweetim.com
Organic Search,fastweb.it
Organic Search,search.juno.com
Organic Search,find.tdc.dk
Organic Search,searchresults.verizon.com
Organic Search,search.walla.co.il
Organic Search,search.alot.com
Organic Search,googleearth.de
Organic Search,googleearth.fr
Organic Search,webcache.googleusercontent.com
Organic Search,encrypted.google.com
Organic Search,googlesyndicatedsearch.com
Organic Search,searchcanvas.com
Organic Search,alexa.com
Organic Search,search.toolbars.alexa.com
Organic Search,najdi.si
Organic Search,blogpulse.com
Organic Search,yougoo.fr
Organic Search,bing.com/images/search
Organic Search,arama.com
Organic Search,goyellow.de
Organic Search,search.certified-toolbar.com
Organic Search,search.1und1.de
Organic Search,search.aol.com
Organic Search,search.aol.it
Organic Search,aolsearch.aol.com
Organic Search,aolsearch.com
Organic Search,aolrecherche.aol.fr
Organic Search,aolrecherches.aol.fr
Organic Search,aolimages.aol.fr
Organic Search,aim.search.aol.com
Organic Search,recherche.aol.fr
Organic Search,find.web.aol.com
Organic Search,recherche.aol.ca
Organic Search,aolsearch.aol.co.uk
Organic Search,search.aol.co.uk
Organic Search,sucheaol.aol.de
Organic Search,suche.aol.de
Organic Search,suche.aolsvc.de
Organic Search,aolbusqueda.aol.com.mx
Organic Search,alicesuche.aol.de
Organic Search,alicesuchet.aol.de
Organic Search,suchet2.aol.de
Organic Search,search.hp.my.aol.com.au
Organic Search,search.hp.my.aol.de
Organic Search,search.hp.my.aol.it
Organic Search,search-intl.netscape.com
Organic Search,suche.freenet.de
Organic Search,sougou.com
Organic Search,eurip.com
Organic Search,monstercrawler.com
Organic Search,zoeken.nl
Organic Search,szukaj.onet.pl
Organic Search,fresh-weather.com
Organic Search,search.ke.voila.fr
Organic Search,lemoteur.fr
Organic Search,sharelook.fr
Organic Search,jungle-spider.de
Organic Search,busca.orange.es
Organic Search,search.orange.co.uk
Organic Search,nova.rambler.ru
Organic Search,altavista.com
Organic Search,search.altavista.com
Organic Search,listings.altavista.com
Organic Search,altavista.de
Organic Search,altavista.fr
Organic Search,be-nl.altavista.com
Organic Search,be-fr.altavista.com
Organic Search,suche.t-online.de
Organic Search,brisbane.t-online.de
Organic Search,navigationshilfe.t-online.de
Organic Search,serach.comcast.net
Organic Search,flix.de
Organic Search,ricerca.virgilio.it
Organic Search,ricercaimmagini.virgilio.it
Organic Search,ricercavideo.virgilio.it
Organic Search,ricercanews.virgilio.it
Organic Search,mobile.virgilio.it
Organic Search,meta.rrzn.uni-hannover.de
Organic Search,metager.de
Organic Search,search.bluewin.ch
Organic Search,infospace.com
Organic Search,dogpile.com
Organic Search,metacrawler.com
Organic Search,webfetch.com
Organic Search,webcrawler.com
Organic Search,search.kiwee.com
Organic Search,isearch.babylon.com
Organic Search,start.facemoods.com
Organic Search,search.magnetic.com
Organic Search,search.searchcompletion.com
Organic Search,clusty.com
Organic Search,search.rr.com
Organic Search,icq.com
Organic Search,search.icq.com
Organic Search,metager2.de
Organic Search,kvasir.no
Organic Search,search.daum.net
Organic Search,pesquisa.sapo.pt
Organic Search,image.yahoo.cn
Organic Search,images.search.yahoo.com
Organic Search,technorati.com
Organic Search,duckduckgo.com
Organic Search,vinden.nl
Organic Search,meta.ua
Organic Search,arianna.libero.it
Organic Search,arianna.com
Organic Search,blogs.icerocket.com
Organic Search,search.tiscali.it
Organic Search,search-dyn.tiscali.it
Organic Search,hledani.tiscali.cz
Organic Search,yasni.de
Organic Search,yasni.com
Organic Search,yasni.co.uk
Organic Search,yasni.ch
Organic Search,yasni.at
Organic Search,mysearch.com
Organic Search,ms114.mysearch.com
Organic Search,ms146.mysearch.com
Organic Search,kf.mysearch.myway.com
Organic Search,ki.mysearch.myway.com
Organic Search,search.myway.com
Organic Search,search.mywebsearch.com
Organic Search,search.excite.it
Organic Search,search.excite.fr
Organic Search,search.excite.de
Organic Search,search.excite.co.uk
Organic Search,serach.excite.es
Organic Search,search.excite.nl
Organic Search,msxml.excite.com
Organic Search,excite.co.jp
Organic Search,yandex.ru
Organic Search,yandex.ua
Organic Search,yandex.com
Organic Search,yandex.by
Organic Search,google.interia.pl
Organic Search,searchatlas.centrum.cz
Organic Search,hooseek.com
Organic Search,search.earthlink.net
Organic Search,.dastelefonbuch.de
Organic Search,fixsuche.de
Organic Search,1881.no
Organic Search,pricerunner.co.uk
Organic Search,otsing.delfi.ee
Organic Search,gnadenmeer.de
Organic Search,paperball.de
Organic Search,ecosia.org
Organic Search,witch.de
Organic Search,yatedo.com
Organic Search,yatedo.fr
Organic Search,suche.info
Organic Search,pesquisa.clix.pt
Organic Search,fireball.de
Organic Search,search.free.fr
Organic Search,search1-2.free.fr
Organic Search,search1-1.free.fr
Organic Search,.austronaut.at
Organic Search,.astronaut.at
Organic Search,holmes.ge
Organic Search,suche.gmx.net
Organic Search,trusted--search.com
Organic Search,recherche.francite.com
Organic Search,zoohoo.cz
Organic Search,search.ch
Organic Search,gais.cs.ccu.edu.tw
Organic Search,search.com
Organic Search,online.no
Organic Search,mister-wong.com
Organic Search,mister-wong.de
Organic Search,exalead.fr
Organic Search,exalead.com
Organic Search,so.360.cn
Organic Search,so.com
Organic Search,geona.net
Organic Search,szukaj.wp.pl
Organic Search,search.yippy.com
Organic Search,search.qip.ru
Organic Search,search.findwide.com
Organic Search,google.ac/products
Organic Search,google.ad/products
Organic Search,google.ae/products
Organic Search,google.am/products
Organic Search,google.as/products
Organic Search,google.at/products
Organic Search,google.az/products
Organic Search,google.ba/products
Organic Search,google.be/products
Organic Search,google.bf/products
Organic Search,google.bg/products
Organic Search,google.bi/products
Organic Search,google.bj/products
Organic Search,google.bs/products
Organic Search,google.by/products
Organic Search,google.ca/products
Organic Search,google.cat/products
Organic Search,google.cc/products
Organic Search,google.cd/products
Organic Search,google.cf/products
Organic Search,google.cg/products
Organic Search,google.ch/products
Organic Search,google.ci/products
Organic Search,google.cl/products
Organic Search,google.cm/products
Organic Search,google.cn/products
Organic Search,google.co.bw/products
Organic Search,google.co.ck/products
Organic Search,google.co.cr/products
Organic Search,google.co.id/products
Organic Search,google.co.il/products
Organic Search,google.co.in/products
Organic Search,google.co.jp/products
Organic Search,google.co.ke/products
Organic Search,google.co.kr/products
Organic Search,google.co.ls/products
Organic Search,google.co.ma/products
Organic Search,google.co.mz/products
Organic Search,google.co.nz/products
Organic Search,google.co.th/products
Organic Search,google.co.tz/products
Organic Search,google.co.ug/products
Organic Search,google.co.uk/products
Organic Search,google.co.uz/products
Organic Search,google.co.ve/products
Organic Search,google.co.vi/products
Organic Search,google.co.za/products
Organic Search,google.co.zm/products
Organic Search,google.co.zw/products
Organic Search,google.com/products
Organic Search,google.com.af/products
Organic Search,google.com.ag/products
Organic Search,google.com.ai/products
Organic Search,google.com.ar/products
Organic Search,google.com.au/products
Organic Search,google.com.bd/products
Organic Search,google.com.bh/products
Organic Search,google.com.bn/products
Organic Search,google.com.bo/products
Organic Search,google.com.br/products
Organic Search,google.com.by/products
Organic Search,google.com.bz/products
Organic Search,google.com.co/products
Organic Search,google.com.cu/products
Organic Search,google.com.cy/products
Organic Search,google.com.do/products
Organic Search,google.com.ec/products
Organic Search,google.com.eg/products
Organic Search,google.com.et/products
Organic Search,google.com.fj/products
Organic Search,google.com.gh/products
Organic Search,google.com.gi/products
Organic Search,google.com.gt/products
Organic Search,google.com.hk/products
Organic Search,google.com.jm/products
Organic Search,google.com.kh/products
Organic Search,google.com.kw/products
Organic Search,google.com.lb/products
Organic Search,google.com.lc/products
Organic Search,google.com.ly/products
Organic Search,google.com.mt/products
Organic Search,google.com.mx/products
Organic Search,google.com.my/products
Organic Search,google.com.na/products
Organic Search,google.com.nf/products
Organic Search,google.com.ng/products
Organic Search,google.com.ni/products
Organic Search,google.com.np/products
Organic Search,google.com.om/products
Organic Search,google.com.pa/products
Organic Search,google.com.pe/products
Organic Search,google.com.ph/products
Organic Search,google.com.pk/products
Organic Search,google.com.pr/products
Organic Search,google.com.py/products
Organic Search,google.com.qa/products
Organic Search,google.com.sa/products
Organic Search,google.com.sb/products
Organic Search,google.com.sg/products
Organic Search,google.com.sl/products
Organic Search,google.com.sv/products
Organic Search,google.com.tj/products
Organic Search,google.com.tn/products
Organic Search,google.com.tr/products
Organic Search,google.com.tw/products
Organic Search,google.com.ua/products
Organic Search,google.com.uy/products
Organic Search,google.com.vc/products
Organic Search,google.com.vn/products
Organic Search,google.cv/products
Organic Search,google.cz/products
Organic Search,google.de/products
Organic Search,google.dj/products
Organic Search,google.dk/products
Organic Search,google.dm/products
Organic Search,google.dz/products
Organic Search,google.ee/products
Organic Search,google.es/products
Organic Search,google.fi/products
Organic Search,google.fm/products
Organic Search,google.fr/products
Organic Search,google.ga/products
Organic Search,google.gd/products
Organic Search,google.ge/products
Organic Search,google.gf/products
Organic Search,google.gg/products
Organic Search,google.gl/products
Organic Search,google.gm/products
Organic Search,google.gp/products
Organic Search,google.gr/products
Organic Search,google.gy/products
Organic Search,google.hn/products
Organic Search,google.hr/products
Organic Search,google.ht/products
Organic Search,google.hu/products
Organic Search,google.ie/products
Organic Search,google.im/products
Organic Search,google.io/products
Organic Search,google.iq/products
Organic Search,google.is/products
Organic Search,google.it/products
Organic Search,google.it.ao/products
Organic Search,google.je/products
Organic Search,google.jo/products
Organic Search,google.kg/products
Organic Search,google.ki/products
Organic Search,google.kz/products
Organic Search,google.la/products
Organic Search,google.li/products
Organic Search,google.lk/products
Organic Search,google.lt/products
Organic Search,google.lu/products
Organic Search,google.lv/products
Organic Search,google.md/products
Organic Search,google.me/products
Organic Search,google.mg/products
Organic Search,google.mk/products
Organic Search,google.ml/products
Organic Search,google.mn/products
Organic Search,google.ms/products
Organic Search,google.mu/products
Organic Search,google.mv/products
Organic Search,google.mw/products
Organic Search,google.ne/products
Organic Search,google.nl/products
Organic Search,google.no/products
Organic Search,google.nr/products
Organic Search,google.nu/products
Organic Search,google.pl/products
Organic Search,google.pn/products
Organic Search,google.ps/products
Organic Search,google.pt/products
Organic Search,google.ro/products
Organic Search,google.rs/products
Organic Search,google.ru/products
Organic Search,google.rw/products
Organic Search,google.sc/products
Organic Search,google.se/products
Organic Search,google.sh/products
Organic Search,google.si/products
Organic Search,google.sk/products
Organic Search,google.sm/products
Organic Search,google.sn/products
Organic Search,google.so/products
Organic Search,google.st/products
Organic Search,google.td/products
Organic Search,google.tg/products
Organic Search,google.tk/products
Organic Search,google.tl/products
Organic Search,google.tm/products
Organic Search,google.to/products
Organic Search,google.tt/products
Organic Search,google.us/products
Organic Search,google.vg/products
Organic Search,google.vu/products
Organic Search,google.ws/products
Organic Search,tixuma.de
Organic Search,marktplaats.nl
Organic Search,eo.st
Organic Search,web.volny.cz
Organic Search,search.yam.com
Organic Search,websearch.cs.com
Organic Search,fastbrowsersearch.com
Organic Search,smart.delfi.lv
Organic Search,p.zhongsou.com
Organic Search,suchnase.de
Organic Search,everyclick.com
Organic Search,websearch.rakuten.co.jp
Organic Search,search.naver.com
Organic Search,dasoertliche.de
Organic Search,yahoo.com
Organic Search,ar.search.yahoo.com
Organic Search,ar.yahoo.com
Organic Search,au.search.yahoo.com
Organic Search,au.yahoo.com
Organic Search,br.search.yahoo.com
Organic Search,br.yahoo.com
Organic Search,cade.searchde.yahoo.com
Organic Search,cade.yahoo.com
Organic Search,chinese.searchinese.yahoo.com
Organic Search,chinese.yahoo.com
Organic Search,cn.search.yahoo.com
Organic Search,cn.yahoo.com
Organic Search,de.search.yahoo.com
Organic Search,de.yahoo.com
Organic Search,dk.search.yahoo.com
Organic Search,dk.yahoo.com
Organic Search,es.search.yahoo.com
Organic Search,es.yahoo.com
Organic Search,espanol.searchpanol.yahoo.com
Organic Search,espanol.yahoo.com
Organic Search,fr.search.yahoo.com
Organic Search,fr.yahoo.com
Organic Search,ie.search.yahoo.com
Organic Search,ie.yahoo.com
Organic Search,it.search.yahoo.com
Organic Search,it.yahoo.com
Organic Search,kr.search.yahoo.com
Organic Search,kr.yahoo.com
Organic Search,mx.search.yahoo.com
Organic Search,mx.yahoo.com
Organic Search,no.search.yahoo.com
Organic Search,no.yahoo.com
Organic Search,nz.search.yahoo.com
Organic Search,nz.yahoo.com
Organic Search,one.cn.yahoo.com
Organic Search,one.searchn.yahoo.com
Organic Search,qc.search.yahoo.com
Organic Search,qc.yahoo.com
Organic Search,se.search.yahoo.com
Organic Search,se.yahoo.com
Organic Search,search.searcharch.yahoo.com
Organic Search,search.yahoo.com
Organic Search,uk.search.yahoo.com
Organic Search,uk.yahoo.com
Organic Search,yahoo.co.jp
Organic Search,search.yahoo.co.jp
Organic Search,cercato.it
Organic Search,search.offerbox.com
Organic Search,ys.mirostart.com
Organic Search,abacho.de
Organic Search,abacho.com
Organic Search,abacho.co.uk
Organic Search,se.abacho.com
Organic Search,tr.abacho.com
Organic Search,abacho.at
Organic Search,abacho.fr
Organic Search,abacho.es
Organic Search,abacho.ch
Organic Search,abacho.it
Organic Search,trouvez.com
Organic Search,firstsfind.com
Organic Search,plazoo.com
Organic Search,gomeo.com
Organic Search,searchy.co.uk
Organic Search,1.cz
Organic Search,gulesider.no
Organic Search,cuil.com
Organic Search,search.winamp.com
Organic Search,suche.web.de
Organic Search,abcsolk.no
Organic Search,verden.abcsok.no
Organic Search,toile.com
Organic Search,web.toile.com
Organic Search,dmoz.org
Organic Search,editors.dmoz.org
Organic Search,acoon.de
Organic Search,blekko.com
Organic Search,searchalot.com
Organic Search,kataweb.it
Organic Search,cgi.search.biglobe.ne.jp
Organic Search,busca.uol.com.br
Social,pinterest.com
Social,in.pinterest.com
Social,pinterest.co.kr
Social,pinterest.ru
Social,pinterest.co.uk
Social,br.pinterest.com
Social,pinterest.es
Social,id.pinterest.com
Social,pinterest.fr
Social,pinterest.ca
Social,pinterest.jp
Social,pinterest.de
Social,pinterest.com.mx
Social,pinterest.it
Social,pinterest.com.au
Social,pinterest.ph
Social,pl.pinterest.com
Social,nl.pinterest.com
Social,tr.pinterest.com
Social,co.pinterest.com
Social,ar.pinterest.com
Social,pinterest.pt
Social,za.pinterest.com
Social,pinterest.cl
Social,pinterest.se
Social,ro.pinterest.com
Social,pinterest.dk
Social,pinterest.at
Social,pinterest.nz
Social,pinterest.ch
Social,cz.pinterest.com
Social,hu.pinterest.com
Social,gr.pinterest.com
Social,pinterest.ie
Social,no.pinterest.com
Social,sk.pinterest.com
Social,fi.pinterest.com
Social,l.instagram.com
Social,web.facebook.com
Organic Search,m.baidu.com
Social,huaban.com
Social,away.vk.com
Organic Search,360.cn
Social,link.zhihu.com
Social,zhihu.com
Social,t.umblr.com
Organic Search,sogou.com
Organic Search,m.sogou.com
Social,uisdc.com
Social,hao.uisdc.com
